{"R": 116.92359230120708, "G": 89.59216232333138, "B": 79.98195820734759}