{"loss": [2.1334950450275625], "accuracy": [0.2564174234867096], "val_loss": [1.6028423735073634], "val_accuracy": [0.3638392984867096]}