{"loss": [1.6049417995730875, 1.5960142782950593, 1.5795803039385607, 1.57025443030897, 1.558684653801747, 1.5327798171564635, 1.7689750402079902, 1.4989045664159852, 1.433440978073327, 1.3876511514511825, 1.3519397064414302, 1.3291006468843867, 1.3054234828425404, 1.2830942112697883, 1.2710905350764563, 1.15982103275384, 1.1481635413635998, 1.142136159589479, 1.1366496429827877, 1.137176094466899, 1.134950113852728, 1.1313511037367052, 1.1256879023216637, 1.1272918383280437, 1.1176330917791766, 1.1194980993927248, 1.1188201429696685, 1.1224008273062664, 1.1201514365843257, 1.1204647870666553, 1.1189123737184625, 1.1224432545831573, 1.1127676951109842, 1.1191321728240708, 1.1189787819673613], "accuracy": [0.5273279547691345, 0.5559781789779663, 0.5947762131690979, 0.6129072904586792, 0.6358564496040344, 0.6592864394187927, 0.6124746799468994, 0.6989983320236206, 0.7379231452941895, 0.767085075378418, 0.7864840626716614, 0.7985292077064514, 0.8126029968261719, 0.8226194977760315, 0.822999894618988, 0.8710779547691345, 0.8757448792457581, 0.8770127892494202, 0.8814504742622375, 0.8813236951828003, 0.88360595703125, 0.881196916103363, 0.8869025111198425, 0.8850006461143494, 0.8880436420440674, 0.8919534683227539, 0.8884239792823792, 0.8858881592750549, 0.887156069278717, 0.8875364661216736, 0.8901821970939636, 0.8881704211235046, 0.8893115520477295, 0.8894383311271667, 0.8852542042732239], "val_loss": [1.6022655041712635, 1.5904592095680956, 1.565206691903888, 1.5510791360207323, 1.5418822922796573, 1.557036836192293, 1.4871969515422605, 1.4395146369934082, 1.4111244723481953, 1.4332743163378734, 1.328095424850032, 1.282339260263263, 1.2520928337888897, 1.2577392267731, 1.2251611003335916, 1.151112029012644, 1.1539901292548989, 1.15464153154841, 1.1524934228861108, 1.1441559780318782, 1.1482831115992564, 1.1470727864301429, 1.14932729950491, 1.1436278617606972, 1.1475331569617648, 1.1430076878025848, 1.1425028285890255, 1.143610803586132, 1.1434934229220983, 1.1429652729124393, 1.1432633602394249, 1.1437664358121045, 1.1447213202152613, 1.1433294269273866, 1.143539212784677], "val_accuracy": [0.5483490824699402, 0.5984669923782349, 0.6267688870429993, 0.6385613083839417, 0.6491745114326477, 0.6314858198165894, 0.7010613083839417, 0.739386796951294, 0.7547169923782349, 0.7329009175300598, 0.7977594137191772, 0.8195754885673523, 0.8307783007621765, 0.8378537893295288, 0.8413915038108826, 0.8702830076217651, 0.8667452931404114, 0.8661556839942932, 0.869693398475647, 0.8714622855186462, 0.8714622855186462, 0.875, 0.8714622855186462, 0.8773584961891174, 0.8755896091461182, 0.8773584961891174, 0.8808962106704712, 0.8785377144813538, 0.8785377144813538, 0.8797169923782349, 0.8791273832321167, 0.8791273832321167, 0.8779481053352356, 0.8791273832321167, 0.8791273832321167]}