{"R": 116.91279708339673, "G": 89.53386552924779, "B": 79.8756486559422}