{"R": 117.22585816777703, "G": 89.93399611029717, "B": 80.26122413183899}