{"loss": [3.466767662449887, 2.8341278175023934, 2.603940653153647, 2.4580765964113134, 2.369158189510277, 2.2992447102562905, 2.2560360913227067, 2.2016750037806254, 2.1512601507765723, 2.113605654170083, 2.079093871459051, 2.0393537932378756, 2.0068366793139094, 1.9677640657925841, 1.9443217041951635, 1.9203707629186615, 1.8826304891635186, 1.872262462750512, 1.823562208059263, 1.8104408535368095, 1.778312060997071, 1.7470376146713873, 1.731342569337645, 1.7039091954585774, 1.6799484795043083, 1.6618078028420693, 1.630145944214448, 1.599839302949632, 1.5890102490226923, 1.5622218990652612, 1.5244303654971023, 1.5274968740753159, 1.4908266211487684, 1.4746821984153387, 1.4316917147560186, 1.401310070323558, 1.3497172193277973, 1.32922348131295, 1.32723742762788, 1.3072148986166428, 1.3168260870896993, 1.291851928938285, 1.3082630915316311, 1.2960349735467152, 1.2765425406746138, 1.268484534039671, 1.2788410352831774, 1.2718831504307795, 1.2676294327568687, 1.2766257573795392, 1.267773442282286, 1.2721667716540046, 1.2710305582264056, 1.2761937753859585, 1.2710823303126828, 1.2752197749328564, 1.2751075924728401], "accuracy": [0.2392459511756897, 0.3306267559528351, 0.38619640469551086, 0.414361834526062, 0.4514082670211792, 0.47310328483581543, 0.48820096254348755, 0.5076122879981995, 0.5234711766242981, 0.5333671569824219, 0.5466886758804321, 0.5567114949226379, 0.5729510188102722, 0.5824663639068604, 0.5927429795265198, 0.5998477339744568, 0.6130423545837402, 0.6205278038978577, 0.6433646082878113, 0.6380360126495361, 0.6452429294586182, 0.6594772934913635, 0.6675970554351807, 0.6778736114501953, 0.6856127977371216, 0.6876427531242371, 0.6991879940032959, 0.7104795575141907, 0.7116214036941528, 0.7301446199417114, 0.7339507937431335, 0.7317939400672913, 0.7447348237037659, 0.7560263872146606, 0.7680791616439819, 0.7768218517303467, 0.8001776337623596, 0.806774914264679, 0.806774914264679, 0.8132453560829163, 0.8115960359573364, 0.8188276886940002, 0.8127378821372986, 0.8221263885498047, 0.8258056044578552, 0.8289473652839661, 0.8226338624954224, 0.8279624581336975, 0.832783579826355, 0.8261862397193909, 0.830119252204895, 0.8277087211608887, 0.8302461504936218, 0.8252981305122375, 0.8307536244392395, 0.8218725919723511, 0.8252981305122375], "val_loss": [2.943099393294408, 2.6051696951572714, 2.3873230814933777, 2.336560446482438, 2.2687406631616445, 2.393126435004748, 2.3242092774464536, 2.140325440810277, 2.2097004583248725, 2.2104394000310164, 2.164031831117777, 2.1373475102277903, 2.073787856560487, 2.065544149050346, 2.0806654531222124, 1.9402440511263335, 2.0890769958496094, 1.9945143873874958, 1.9821639932118928, 1.850452755506222, 1.8812658763848817, 2.0058941405553083, 2.117787152528763, 2.02227697464136, 1.892804973400556, 1.826546391615501, 1.8645285826462965, 2.0034663608440986, 1.835478154512552, 1.823311461852147, 1.902207681765923, 1.798956987949518, 1.7478092014789581, 1.7762647729653578, 1.7747148000277007, 1.6935135584611158, 1.6759686722205236, 1.6611319069678967, 1.653313228717217, 1.6613511878710527, 1.674239387879005, 1.6557651643569653, 1.6507065227398505, 1.64620106953841, 1.6798732647529016, 1.6455973042891576, 1.6436667465246642, 1.6480484788234417, 1.637883913058501, 1.643407947742022, 1.6446048548588386, 1.6423984674307017, 1.6402073617164905, 1.6322974127072554, 1.6509769834004915, 1.6375296803621144, 1.638915696969399], "val_accuracy": [0.29807692766189575, 0.3704149127006531, 0.44377630949020386, 0.46121466159820557, 0.48647022247314453, 0.45640408992767334, 0.48226097226142883, 0.5213469862937927, 0.5165363550186157, 0.5129284262657166, 0.5279614925384521, 0.5267588496208191, 0.5490078330039978, 0.5592303276062012, 0.5514131188392639, 0.5856885313987732, 0.5658448338508606, 0.5814792513847351, 0.5778713226318359, 0.6331930160522461, 0.6165865659713745, 0.5868911743164062, 0.5664461851119995, 0.5911003947257996, 0.633794367313385, 0.6512327194213867, 0.6482260823249817, 0.5971136689186096, 0.6488274335861206, 0.6518340110778809, 0.6295850872993469, 0.654239296913147, 0.6716777086257935, 0.6632591485977173, 0.6668671369552612, 0.6790865659713745, 0.6999398469924927, 0.7023451328277588, 0.7035477757453918, 0.7083584070205688, 0.7035477757453918, 0.7029464840888977, 0.6993385553359985, 0.710763692855835, 0.710763692855835, 0.7091346383094788, 0.7113649845123291, 0.7095610499382019, 0.7131689786911011, 0.710162341594696, 0.710162341594696, 0.7095610499382019, 0.710162341594696, 0.7143716216087341, 0.708959698677063, 0.7131689786911011, 0.7149729132652283]}