{"loss": [2.0869955931391035, 1.6316452291304526, 1.475467727656528, 1.3948384255701574, 1.3326342561080546, 1.2892916039169922, 1.251219056125685, 1.2182465204310498, 1.1895057070284893, 1.1678184366581559, 1.144271943142998, 1.1215523284960025, 1.1073099333770897, 1.0943793085589835, 1.0720337853463902, 1.057540597245715, 1.051619254004934, 1.0319506641632323, 1.030977591186619, 1.0184449231681745, 1.0064826194302647, 0.9933851508112235, 0.9794439119420272, 0.9741657384902334, 0.9676770231195829, 0.9588191074531869, 0.9483613922202992, 0.9422800605177216, 0.9429437705874131, 0.9245978479167487, 0.9240270962717151, 0.9238011276829147, 0.9119923951256196, 0.9118170344067531, 0.9032723979525183, 0.8913320346278343, 0.8913487779606565, 0.8861938206127878, 0.8844525872428532, 0.8790669204835807, 0.8469366699989352, 0.8350538554520592, 0.8323168566635627, 0.832252788879878, 0.828744134114315, 0.8203343272100724, 0.8124361746306433, 0.8067292398266268, 0.8116876560751367, 0.8028664612056018, 0.8040055510188852, 0.8018324875225985, 0.8036654506160615, 0.8049546044296015, 0.7919734309228572, 0.7919001797480243, 0.7963637730034306, 0.7857429286334251, 0.7915635202501666, 0.7946914017194213, 0.7901607060006687, 0.7970030576711205, 0.7958463492113541, 0.7901641555527502, 0.7946503448822505, 0.7900421498291538, 0.78759622032049, 0.7921330208107863, 0.7844521587083765, 0.7866273214166299], "accuracy": [0.2606724202632904, 0.35054755210876465, 0.40901297330856323, 0.44952940940856934, 0.4780798554420471, 0.49567896127700806, 0.5150624513626099, 0.5321367383003235, 0.5402190089225769, 0.5543892979621887, 0.5653406381607056, 0.576816737651825, 0.5804905295372009, 0.5864735245704651, 0.5994541645050049, 0.6060319542884827, 0.6021832823753357, 0.6158986687660217, 0.6135544776916504, 0.6234211325645447, 0.6259403228759766, 0.6320282816886902, 0.6367517113685608, 0.6400755643844604, 0.6421399116516113, 0.6420349478721619, 0.6479129195213318, 0.651411771774292, 0.6516216993331909, 0.6605087518692017, 0.6601588726043701, 0.6594240665435791, 0.6648472547531128, 0.6660019159317017, 0.6633777618408203, 0.6748889088630676, 0.6716350317001343, 0.6706553101539612, 0.6766033172607422, 0.681361734867096, 0.6908831000328064, 0.6975613236427307, 0.6957419514656067, 0.6963367462158203, 0.7011650800704956, 0.7011300921440125, 0.7061334252357483, 0.7088975310325623, 0.7068681716918945, 0.709282398223877, 0.7090889811515808, 0.710436999797821, 0.7107868790626526, 0.7084426879882812, 0.7149155139923096, 0.7128557562828064, 0.7135159969329834, 0.7185542583465576, 0.7148455381393433, 0.7138308882713318, 0.7152274250984192, 0.7109968066215515, 0.7118015289306641, 0.7140058279037476, 0.7125712633132935, 0.714565634727478, 0.7178894877433777, 0.7127462029457092, 0.7166998982429504, 0.7167698740959167], "val_loss": [1.5784905127116613, 1.4156682108129774, 1.337016190801348, 1.2609411690916335, 1.2256631468023573, 1.1948563754558563, 1.1683843178408486, 1.1339471680777413, 1.111845742378916, 1.11095130443573, 1.0517399992261613, 1.1011172511747904, 1.0921718648501806, 1.0469414442777634, 1.063976234623364, 0.9944838434457779, 1.0359071216412954, 0.9973949598414558, 1.0080112687179021, 0.987393204654966, 1.0247249496834618, 0.9743713757821492, 0.9589362101895469, 1.0006478045667921, 0.9754092586891991, 0.9501303540808814, 0.9556364864110947, 0.9442322020019803, 0.9728455373219081, 0.9591233112982341, 0.9243267093385968, 0.9529954791069031, 0.9455746561288834, 0.9524785216365542, 0.95536079789911, 0.9359520993062428, 0.9379591856684003, 0.9588655659130642, 0.9405811897345951, 0.9410169507775988, 0.9024323501757213, 0.903890243598393, 0.9086284382002694, 0.9033995313303811, 0.9046927584069115, 0.8922480110611234, 0.9031361724649157, 0.9059306936604636, 0.9094304208244596, 0.8970502657549722, 0.9040734895638057, 0.9023322016000748, 0.9106098626341138, 0.9095924177340099, 0.9041946764503207, 0.904640114733151, 0.909139775804111, 0.9083507422889981, 0.9108837374619075, 0.9048184369291578, 0.9051556587219238, 0.9087386046137128, 0.9082432410546711, 0.9106930366584233, 0.9055170161383492, 0.9085547370570046, 0.9083791311298098, 0.9105918939624514, 0.9045452071087701, 0.9090823893036161], "val_accuracy": [0.375, 0.4334007501602173, 0.47991910576820374, 0.5056341886520386, 0.517769455909729, 0.5319271683692932, 0.5478185415267944, 0.5689107179641724, 0.5767119526863098, 0.5726668834686279, 0.5917364954948425, 0.5787344574928284, 0.5859578251838684, 0.6012713313102722, 0.5989598631858826, 0.6301646828651428, 0.6079167723655701, 0.6200519800186157, 0.6209188103675842, 0.6249638795852661, 0.6177405118942261, 0.6359433531761169, 0.6408552527427673, 0.6284310817718506, 0.633342981338501, 0.6475006937980652, 0.643166720867157, 0.6547240614891052, 0.638832688331604, 0.6481584906578064, 0.6532794237136841, 0.6446113586425781, 0.6509679555892944, 0.6506789922714233, 0.6489453911781311, 0.6561687588691711, 0.6515458226203918, 0.646056056022644, 0.6538572907447815, 0.6509679555892944, 0.6651785969734192, 0.6737936735153198, 0.6697486042976379, 0.6746605038642883, 0.6740826368331909, 0.6752383708953857, 0.6784166693687439, 0.6749494075775146, 0.6763941049575806, 0.6801502704620361, 0.6771763563156128, 0.6772609353065491, 0.6758162379264832, 0.6740826368331909, 0.6772609353065491, 0.6788504719734192, 0.6775498390197754, 0.6801502704620361, 0.6763941049575806, 0.6787055730819702, 0.6780133843421936, 0.6784166693687439, 0.6795724034309387, 0.6766830682754517, 0.6784166693687439, 0.676971971988678, 0.6784166693687439, 0.6766830682754517, 0.6778388023376465, 0.6792834401130676]}