{"loss": [0.9231667797333798, 0.6717844419535597, 0.6316594232605395, 0.6121305161455337, 0.5907241189163932, 0.5775994668899266, 0.5513297721424286, 0.528721619584918, 0.5148014331311347, 0.4878855758071837, 0.4667659532370881, 0.44805221894598435, 0.4385545399005503, 0.41252458063431896, 0.4025940671761528, 0.37203484918424473, 0.3573802287502707, 0.35412619466320316, 0.3518621467268329, 0.3445432858728888, 0.3500371457612362, 0.3460862502990392, 0.33743994505713465, 0.33943139888932833, 0.3371411454066194, 0.33006774703500724, 0.3296977457675067, 0.3395742041062263, 0.3395144902731781, 0.33446873119307574, 0.33390016606117934, 0.32880253022170813, 0.3289055497935475, 0.3401953069991722, 0.3319723344966155], "accuracy": [0.577808678150177, 0.6391530632972717, 0.6650183796882629, 0.6704704165458679, 0.695067822933197, 0.7029288411140442, 0.7170026898384094, 0.740712583065033, 0.7465449571609497, 0.761759877204895, 0.7729174494743347, 0.7831875085830688, 0.7909217476844788, 0.8112083077430725, 0.8142513036727905, 0.8281882405281067, 0.840370237827301, 0.8385951519012451, 0.842652440071106, 0.8496259450912476, 0.845695436000824, 0.8448079228401184, 0.8494991660118103, 0.8492456078529358, 0.8501331210136414, 0.8570343852043152, 0.8545708060264587, 0.8479776978492737, 0.8455686569213867, 0.8549512028694153, 0.8502599000930786, 0.8587549328804016, 0.8540636301040649, 0.8446811437606812, 0.855331540107727], "val_loss": [0.6337029793352451, 0.6117323350231603, 0.6154888418485533, 0.6085376733878873, 0.5925938886291576, 0.6397268783371404, 0.5812150824744746, 0.5452246351062127, 0.5065805268175197, 0.4754545770163806, 0.4818547874126794, 0.4702337021535298, 0.515192264093543, 0.48773728564100444, 0.49474977828421685, 0.4091524197807852, 0.41329912194665874, 0.4120024546699704, 0.41649216413497925, 0.427262933467919, 0.41904416455412813, 0.4190272851934973, 0.413909911828221, 0.4189527124728797, 0.4227461016403054, 0.4155471299616796, 0.4153922770945531, 0.4163372190493458, 0.416824626753915, 0.41733684208033217, 0.41739775296652093, 0.4177327549682473, 0.4181126631655783, 0.4186024949798044, 0.4180271842007367], "val_accuracy": [0.6491745114326477, 0.6621462106704712, 0.6574292182922363, 0.6662735939025879, 0.6910377144813538, 0.6827830076217651, 0.7069575190544128, 0.7305424809455872, 0.7541273832321167, 0.7830188870429993, 0.7588443160057068, 0.775943398475647, 0.7482311129570007, 0.7794811129570007, 0.7676886916160583, 0.8148584961891174, 0.8154481053352356, 0.8166273832321167, 0.8130896091461182, 0.8113207817077637, 0.8148584961891174, 0.8060141801834106, 0.8136792182922363, 0.8089622855186462, 0.8066037893295288, 0.8107311129570007, 0.8119103908538818, 0.8101415038108826, 0.8101415038108826, 0.8089622855186462, 0.8101415038108826, 0.8101415038108826, 0.8095518946647644, 0.8089622855186462, 0.8101415038108826]}