{"loss": [1.804338094911405, 1.532652312702981, 1.4581343013892158, 1.4006757141098065, 1.3561534586665487, 1.324142397790996, 1.2972158736059136, 1.2611827312500647, 1.2539768399845572, 1.2272128220773353, 1.215092926165367, 1.1956041501878978, 1.174954531287126, 1.1643060079077543, 1.147599681046623, 1.1348132914189824, 1.1279809229360835, 1.1150044497960276, 1.1039807134301762, 1.0946941955887635, 1.0884745540701815, 1.081440852006293, 1.0677860114677955, 1.0623558400530733, 1.052737202987115, 1.0423533633663624, 1.036799385805318, 1.027454320741106, 1.0159512648038236, 1.0095210348094537, 1.010627654241859, 0.9952650544153818, 0.9850375725283615, 0.9804073547633757, 0.9768854151337338, 0.9604186279241251, 0.9693509246252686, 0.9602321337620843, 0.9439127130858114, 0.9423404576533913, 0.9226958759661231, 0.9126907283637243, 0.9074987587316146, 0.9046631720087676, 0.9033873080393945, 0.8923130340962566, 0.8966557921315877, 0.8984108269037365, 0.8924235700664225, 0.8913946820604247, 0.8851389796712751, 0.8862073592559305, 0.8873711547863742, 0.8859206917033078, 0.8847811069462165, 0.882370055786201, 0.878672634375729, 0.8785844421975654, 0.8779082401321582, 0.8795709642852263, 0.8768200334203881, 0.8789304881002291, 0.8758632705558744, 0.8718560319605678, 0.8781432069410267, 0.8736278506205133, 0.877947716650638, 0.8746238991293346, 0.8767972293800506, 0.8787006242005546], "accuracy": [0.2913992702960968, 0.3832266330718994, 0.41755011677742004, 0.4462755024433136, 0.4645043909549713, 0.47905951738357544, 0.4915153384208679, 0.5065953135490417, 0.5121934413909912, 0.5263986587524414, 0.5302473902702332, 0.538189709186554, 0.5449074506759644, 0.5515902042388916, 0.5590426921844482, 0.5653756260871887, 0.5717784762382507, 0.5755921602249146, 0.5824148654937744, 0.588992714881897, 0.5880129933357239, 0.592176616191864, 0.594205915927887, 0.5977047681808472, 0.6032329201698303, 0.6070816516876221, 0.6085861325263977, 0.6147440671920776, 0.6174731254577637, 0.6249606609344482, 0.6246107816696167, 0.6303838491439819, 0.633112907409668, 0.6332878470420837, 0.6316784024238586, 0.641335129737854, 0.6390259265899658, 0.6444841027259827, 0.651411771774292, 0.649592399597168, 0.6578194499015808, 0.6629229187965393, 0.6663867831230164, 0.6621181964874268, 0.6654070615768433, 0.6704103946685791, 0.6693607568740845, 0.6662818193435669, 0.6706553101539612, 0.6720898747444153, 0.6736643314361572, 0.6721948385238647, 0.673839271068573, 0.670375406742096, 0.6725447177886963, 0.6735142469406128, 0.6760435104370117, 0.6797173023223877, 0.6790175437927246, 0.6781428456306458, 0.6776180267333984, 0.676113486289978, 0.6761834621429443, 0.678877592086792, 0.6774080395698547, 0.6776880025863647, 0.6808719038963318, 0.6786326766014099, 0.6771281361579895, 0.6734893918037415], "val_loss": [1.5790298538548606, 1.462168995823179, 1.3701136197362627, 1.306696423462459, 1.2477439258779799, 1.2066928403718131, 1.188192103590284, 1.1596875063010625, 1.1497162410191126, 1.1521261206695013, 1.135093514408384, 1.1197620374815804, 1.1085583461182458, 1.107729686158044, 1.1077067915882384, 1.0895726191146033, 1.0759703857558114, 1.0733255190508706, 1.0774064170462745, 1.0498847429241454, 1.0576229180608476, 1.0685561767646246, 1.0390721155064446, 1.040315915431295, 1.030981536422457, 1.034744809780802, 1.0178997431482588, 1.0168293033327376, 1.0282760943685259, 0.9862483441829681, 1.0082562225205558, 1.012902272599084, 1.0054432664598738, 1.0236816789422716, 0.9828510688883918, 1.0014079702751977, 0.9942840337753296, 0.9908373888049807, 1.0031597720725196, 1.0109994177307402, 0.9554817463670459, 0.9609401673078537, 0.9579138883522579, 0.9641168181385312, 0.96206682068961, 0.9575896177973066, 0.9532938195126397, 0.9553658962249756, 0.9399715087243489, 0.9527014706815992, 0.9526526949235371, 0.9579016672713416, 0.9545068847281593, 0.9589653930493763, 0.9522798189095089, 0.9441302312271935, 0.9413551539182663, 0.9423964704786029, 0.9513482408864158, 0.945197086249079, 0.9317068585327694, 0.9495716350419181, 0.9469131231307983, 0.9401536520038333, 0.94798030597823, 0.9469821602106094, 0.9476485741989953, 0.9508582885776248, 0.9464445731469563, 0.951619816677911], "val_accuracy": [0.3677455484867096, 0.42299914360046387, 0.462583065032959, 0.47963017225265503, 0.5082346200942993, 0.5195030570030212, 0.5307714343070984, 0.5368390679359436, 0.5501300096511841, 0.5527304410934448, 0.5576422810554504, 0.5628430843353271, 0.5680439472198486, 0.5680439472198486, 0.5715111494064331, 0.5778676867485046, 0.5871135592460632, 0.5874024629592896, 0.5949147939682007, 0.5963594317436218, 0.5966483950614929, 0.6041606664657593, 0.6058942675590515, 0.6067610383033752, 0.614851176738739, 0.6128286719322205, 0.6212077140808105, 0.6238081455230713, 0.6197630763053894, 0.6342076063156128, 0.6275643110275269, 0.6217856407165527, 0.6269864439964294, 0.6272753477096558, 0.6347876191139221, 0.6261196136474609, 0.6272753477096558, 0.6266974806785583, 0.629008948802948, 0.6304536461830139, 0.6422991156578064, 0.6449003219604492, 0.6486564874649048, 0.643166720867157, 0.6425888538360596, 0.6443224549293518, 0.643166720867157, 0.6422998905181885, 0.650390088558197, 0.6449003219604492, 0.6463449597358704, 0.6454781889915466, 0.645767092704773, 0.6434556245803833, 0.6434556245803833, 0.6439732313156128, 0.6486564874649048, 0.6480785608291626, 0.6451892256736755, 0.6480785608291626, 0.650390088558197, 0.646056056022644, 0.6477896571159363, 0.6509679555892944, 0.6477896571159363, 0.6477896571159363, 0.6466339230537415, 0.6469228267669678, 0.6495232582092285, 0.6475006937980652]}