{"loss": [2.1781141018228873, 1.6499625664762352, 1.4559499392970432, 1.3587958623979137, 1.2927007705284999, 1.252530311975906, 1.2146856677252327, 1.176565424376841, 1.1525069949700415, 1.1195759146155388, 1.1002733991676714, 1.080503004115122, 1.0577419326514854, 1.0352617643002195, 1.0212370145438094, 1.004016803079312, 0.9921466510335325, 0.9707711296515987, 0.9591322586971102, 0.9420836774047688, 0.9226013696751348, 0.9167906009856025, 0.8966348643278893, 0.885926010466361, 0.8733346016335857, 0.8547218793071905, 0.8407484797937392, 0.8333668946648431, 0.8203714131403869, 0.8122003330979094, 0.7593480529529708, 0.7424214914311289, 0.7395436926450469, 0.7285261800387087, 0.7194333065924603, 0.7085603513880652, 0.7036711934959533, 0.7023247218510322, 0.702210552911971, 0.6888602392282093, 0.6916043442350702, 0.6877087001663981, 0.684543049966124, 0.6720908563827176, 0.6732013656120305], "accuracy": [0.2502092719078064, 0.35131731629371643, 0.4217137396335602, 0.47013750672340393, 0.4941394627094269, 0.5158671736717224, 0.5333613157272339, 0.5448024868965149, 0.5612819790840149, 0.5744025707244873, 0.5809453725814819, 0.5899373888969421, 0.6020433306694031, 0.6079913377761841, 0.6192575693130493, 0.6254854798316956, 0.6352471709251404, 0.6390259265899658, 0.6454287767410278, 0.651866614818573, 0.6614184379577637, 0.6617333292961121, 0.6722998023033142, 0.6741891503334045, 0.6819565296173096, 0.6866799592971802, 0.6933277249336243, 0.6978762149810791, 0.7018648982048035, 0.7068681716918945, 0.7285853624343872, 0.734893798828125, 0.73811274766922, 0.7409117817878723, 0.7424512505531311, 0.7481893301010132, 0.7475595474243164, 0.7481193542480469, 0.7511983513832092, 0.7542073130607605, 0.7565865516662598, 0.755047082901001, 0.7559217810630798, 0.7589307427406311, 0.7616948485374451], "val_loss": [1.703827623810087, 1.426539272069931, 1.315735446555274, 1.2220670453139715, 1.1859626642295293, 1.1526962859289986, 1.123273926121848, 1.115181518452508, 1.099906740444047, 1.0840686474527632, 1.060166324887957, 1.0792401667152132, 1.0301292198044913, 1.0141891900982176, 1.0272293814590998, 1.0223454939467567, 0.9852140375546047, 1.0244308156626565, 0.9704315257923943, 1.006418370774814, 0.9994711535317558, 0.9843829508338656, 0.9946904097284589, 0.9624571523496083, 0.9812315234116146, 0.956400603055954, 0.9897332468203136, 0.9513094850948879, 0.969197962965284, 0.9707071610859462, 0.929716665829931, 0.9316507088286536, 0.9337930061987468, 0.9360148438385555, 0.9343304123197284, 0.9339424052408763, 0.9363887373890195, 0.9411060554640633, 0.9231303440673011, 0.9402701514107841, 0.9456983442817416, 0.9415027754647392, 0.953195088676044, 0.9521155719246183, 0.9561621376446315], "val_accuracy": [0.3166852593421936, 0.43600115180015564, 0.4784744381904602, 0.517769455909729, 0.5351054668426514, 0.5489742755889893, 0.5651545524597168, 0.568621814250946, 0.5819127559661865, 0.5874024629592896, 0.6082057356834412, 0.5934700965881348, 0.6136954426765442, 0.6073389053344727, 0.6160069108009338, 0.623519241809845, 0.6344987154006958, 0.611961841583252, 0.6342097520828247, 0.6212077140808105, 0.6295868158340454, 0.6266974806785583, 0.6376769542694092, 0.6428777575492859, 0.6454781889915466, 0.6454781889915466, 0.6451892256736755, 0.6622363328933716, 0.6541461944580078, 0.6431361436843872, 0.6632254719734192, 0.6636810302734375, 0.6662814021110535, 0.6625252962112427, 0.6645478010177612, 0.6651256680488586, 0.665703535079956, 0.6685928702354431, 0.6720600724220276, 0.6683039665222168, 0.6714822053909302, 0.6729269027709961, 0.6732158064842224, 0.6746605038642883, 0.6688818335533142]}